<?xml version="1.0" encoding="UTF-8"?>
<GenRun Id="impl_1" LaunchPart="xc7a35tcpg236-1" LaunchTime="1712361372">
  <File Type="ROUTE-PWR" Name="display_top_power_routed.rpt"/>
  <File Type="PA-TCL" Name="display_top.tcl"/>
  <File Type="BITSTR-BMM" Name="display_top_bd.bmm"/>
  <File Type="ROUTE-PWR-SUM" Name="display_top_power_summary_routed.pb"/>
  <File Type="REPORTS-TCL" Name="display_top_reports.tcl"/>
  <File Type="OPT-DCP" Name="display_top_opt.dcp"/>
  <File Type="OPT-DRC" Name="display_top_drc_opted.rpt"/>
  <File Type="OPT-HWDEF" Name="display_top.hwdef"/>
  <File Type="PWROPT-DCP" Name="display_top_pwropt.dcp"/>
  <File Type="PLACE-DCP" Name="display_top_placed.dcp"/>
  <File Type="PLACE-IO" Name="display_top_io_placed.rpt"/>
  <File Type="PLACE-UTIL" Name="display_top_utilization_placed.rpt"/>
  <File Type="PLACE-UTIL-PB" Name="display_top_utilization_placed.pb"/>
  <File Type="PLACE-CTRL" Name="display_top_control_sets_placed.rpt"/>
  <File Type="PLACE-PRE-SIMILARITY" Name="display_top_incremental_reuse_pre_placed.rpt"/>
  <File Type="BG-BGN" Name="display_top.bgn"/>
  <File Type="POSTPLACE-PWROPT-DCP" Name="display_top_postplace_pwropt.dcp"/>
  <File Type="BG-BIN" Name="display_top.bin"/>
  <File Type="PHYSOPT-DCP" Name="display_top_physopt.dcp"/>
  <File Type="BITSTR-MSK" Name="display_top.msk"/>
  <File Type="ROUTE-ERROR-DCP" Name="display_top_routed_error.dcp"/>
  <File Type="ROUTE-DCP" Name="display_top_routed.dcp"/>
  <File Type="ROUTE-BLACKBOX-DCP" Name="display_top_routed_bb.dcp"/>
  <File Type="ROUTE-DRC" Name="display_top_drc_routed.rpt"/>
  <File Type="ROUTE-DRC-PB" Name="display_top_drc_routed.pb"/>
  <File Type="ROUTE-DRC-RPX" Name="display_top_drc_routed.rpx"/>
  <File Type="BITSTR-LTX" Name="display_top.ltx"/>
  <File Type="ROUTE-METHODOLOGY-DRC" Name="display_top_methodology_drc_routed.rpt"/>
  <File Type="BITSTR-MMI" Name="display_top.mmi"/>
  <File Type="ROUTE-METHODOLOGY-DRC-RPX" Name="display_top_methodology_drc_routed.rpx"/>
  <File Type="ROUTE-METHODOLOGY-DRC-PB" Name="display_top_methodology_drc_routed.pb"/>
  <File Type="BITSTR-SYSDEF" Name="display_top.sysdef"/>
  <File Type="ROUTE-PWR-RPX" Name="display_top_power_routed.rpx"/>
  <File Type="ROUTE-STATUS" Name="display_top_route_status.rpt"/>
  <File Type="ROUTE-STATUS-PB" Name="display_top_route_status.pb"/>
  <File Type="ROUTE-TIMINGSUMMARY" Name="display_top_timing_summary_routed.rpt"/>
  <File Type="ROUTE-TIMING-PB" Name="display_top_timing_summary_routed.pb"/>
  <File Type="ROUTE-TIMING-RPX" Name="display_top_timing_summary_routed.rpx"/>
  <File Type="ROUTE-CLK" Name="display_top_clock_utilization_routed.rpt"/>
  <File Type="ROUTE-BUS-SKEW" Name="display_top_bus_skew_routed.rpt"/>
  <File Type="ROUTE-BUS-SKEW-PB" Name="display_top_bus_skew_routed.pb"/>
  <File Type="ROUTE-BUS-SKEW-RPX" Name="display_top_bus_skew_routed.rpx"/>
  <File Type="POSTROUTE-PHYSOPT-DCP" Name="display_top_postroute_physopt.dcp"/>
  <File Type="POSTROUTE-PHYSOPT-BLACKBOX-DCP" Name="display_top_postroute_physopt_bb.dcp"/>
  <File Type="BG-BIT" Name="display_top.bit"/>
  <File Type="BITSTR-RBT" Name="display_top.rbt"/>
  <File Type="BITSTR-NKY" Name="display_top.nky"/>
  <File Type="BG-DRC" Name="display_top.drc"/>
  <File Type="RDI-RDI" Name="display_top.vdi"/>
  <File Type="WBT-USG" Name="usage_statistics_webtalk.html"/>
  <FileSet Name="sources" Type="DesignSrcs" RelSrcDir="$PSRCDIR/sources_1">
    <Filter Type="Srcs"/>
    <File Path="$PSRCDIR/sources_1/new/background_ghost_rom.v">
      <FileInfo>
        <Attr Name="ImportPath" Val="$PPRDIR/../../../../../../../../Desktop/mahesh/University/yoshi_main.srcs/sources_1/new/background_ghost_rom.v"/>
        <Attr Name="ImportTime" Val="1712215559"/>
        <Attr Name="UsedIn" Val="synthesis"/>
        <Attr Name="UsedIn" Val="implementation"/>
        <Attr Name="UsedIn" Val="simulation"/>
      </FileInfo>
    </File>
    <File Path="$PSRCDIR/sources_1/new/binary2bcd.v">
      <FileInfo>
        <Attr Name="ImportPath" Val="$PPRDIR/../../../../../../../../Desktop/mahesh/University/yoshi_main.srcs/sources_1/new/binary2bcd.v"/>
        <Attr Name="ImportTime" Val="1712215559"/>
        <Attr Name="UsedIn" Val="synthesis"/>
        <Attr Name="UsedIn" Val="implementation"/>
        <Attr Name="UsedIn" Val="simulation"/>
      </FileInfo>
    </File>
    <File Path="$PSRCDIR/sources_1/new/blocks_rom.v">
      <FileInfo>
        <Attr Name="ImportPath" Val="$PPRDIR/../../../../../../../../Desktop/mahesh/University/yoshi_main.srcs/sources_1/new/blocks_rom.v"/>
        <Attr Name="ImportTime" Val="1712215559"/>
        <Attr Name="UsedIn" Val="synthesis"/>
        <Attr Name="UsedIn" Val="implementation"/>
        <Attr Name="UsedIn" Val="simulation"/>
      </FileInfo>
    </File>
    <File Path="$PSRCDIR/sources_1/new/eggs.v">
      <FileInfo>
        <Attr Name="ImportPath" Val="$PPRDIR/../../../../../../../../Desktop/mahesh/University/yoshi_main.srcs/sources_1/new/eggs.v"/>
        <Attr Name="ImportTime" Val="1712215559"/>
        <Attr Name="UsedIn" Val="synthesis"/>
        <Attr Name="UsedIn" Val="implementation"/>
        <Attr Name="UsedIn" Val="simulation"/>
      </FileInfo>
    </File>
    <File Path="$PSRCDIR/sources_1/new/eggs_rom.v">
      <FileInfo>
        <Attr Name="ImportPath" Val="$PPRDIR/../../../../../../../../Desktop/mahesh/University/yoshi_main.srcs/sources_1/new/eggs_rom.v"/>
        <Attr Name="ImportTime" Val="1712215559"/>
        <Attr Name="UsedIn" Val="synthesis"/>
        <Attr Name="UsedIn" Val="implementation"/>
        <Attr Name="UsedIn" Val="simulation"/>
      </FileInfo>
    </File>
    <File Path="$PSRCDIR/sources_1/new/enemy_collision.v">
      <FileInfo>
        <Attr Name="ImportPath" Val="$PPRDIR/../../../../../../../../Desktop/mahesh/University/yoshi_main.srcs/sources_1/new/enemy_collision.v"/>
        <Attr Name="ImportTime" Val="1712215559"/>
        <Attr Name="UsedIn" Val="synthesis"/>
        <Attr Name="UsedIn" Val="implementation"/>
        <Attr Name="UsedIn" Val="simulation"/>
      </FileInfo>
    </File>
    <File Path="$PSRCDIR/sources_1/new/flexible_clock.v">
      <FileInfo>
        <Attr Name="ImportPath" Val="$PPRDIR/../../../../../../../../Desktop/mahesh/University/SEM_4/CG2026/FPGA_EMODS/Big_screen_version/yoshi_main.srcs/sources_1/new/flexible_clock.v"/>
        <Attr Name="ImportTime" Val="1712361248"/>
        <Attr Name="UsedIn" Val="synthesis"/>
        <Attr Name="UsedIn" Val="implementation"/>
        <Attr Name="UsedIn" Val="simulation"/>
      </FileInfo>
    </File>
    <File Path="$PSRCDIR/sources_1/new/game_logo_display.v">
      <FileInfo>
        <Attr Name="ImportPath" Val="$PPRDIR/../../../../../../../../Desktop/mahesh/University/yoshi_main.srcs/sources_1/new/game_logo_display.v"/>
        <Attr Name="ImportTime" Val="1712215559"/>
        <Attr Name="UsedIn" Val="synthesis"/>
        <Attr Name="UsedIn" Val="implementation"/>
        <Attr Name="UsedIn" Val="simulation"/>
      </FileInfo>
    </File>
    <File Path="$PSRCDIR/sources_1/new/game_logo_rom.v">
      <FileInfo>
        <Attr Name="ImportPath" Val="$PPRDIR/../../../../../../../../Desktop/mahesh/University/yoshi_main.srcs/sources_1/new/game_logo_rom.v"/>
        <Attr Name="ImportTime" Val="1712215559"/>
        <Attr Name="UsedIn" Val="synthesis"/>
        <Attr Name="UsedIn" Val="implementation"/>
        <Attr Name="UsedIn" Val="simulation"/>
      </FileInfo>
    </File>
    <File Path="$PSRCDIR/sources_1/new/game_state_machine.v">
      <FileInfo>
        <Attr Name="ImportPath" Val="$PPRDIR/../../../../../../../../Desktop/mahesh/University/yoshi_main.srcs/sources_1/new/game_state_machine.v"/>
        <Attr Name="ImportTime" Val="1712215559"/>
        <Attr Name="UsedIn" Val="synthesis"/>
        <Attr Name="UsedIn" Val="implementation"/>
        <Attr Name="UsedIn" Val="simulation"/>
      </FileInfo>
    </File>
    <File Path="$PSRCDIR/sources_1/new/gameover_display.v">
      <FileInfo>
        <Attr Name="ImportPath" Val="$PPRDIR/../../../../../../../../Desktop/mahesh/University/yoshi_main.srcs/sources_1/new/gameover_display.v"/>
        <Attr Name="ImportTime" Val="1712215559"/>
        <Attr Name="UsedIn" Val="synthesis"/>
        <Attr Name="UsedIn" Val="implementation"/>
        <Attr Name="UsedIn" Val="simulation"/>
      </FileInfo>
    </File>
    <File Path="$PSRCDIR/sources_1/new/gameover_rom.v">
      <FileInfo>
        <Attr Name="ImportPath" Val="$PPRDIR/../../../../../../../../Desktop/mahesh/University/yoshi_main.srcs/sources_1/new/gameover_rom.v"/>
        <Attr Name="ImportTime" Val="1712215559"/>
        <Attr Name="UsedIn" Val="synthesis"/>
        <Attr Name="UsedIn" Val="implementation"/>
        <Attr Name="UsedIn" Val="simulation"/>
      </FileInfo>
    </File>
    <File Path="$PSRCDIR/sources_1/new/ghost_bottom.v">
      <FileInfo>
        <Attr Name="ImportPath" Val="$PPRDIR/../../../../../../../../Desktop/mahesh/University/yoshi_main.srcs/sources_1/new/ghost_bottom.v"/>
        <Attr Name="ImportTime" Val="1712215559"/>
        <Attr Name="UsedIn" Val="synthesis"/>
        <Attr Name="UsedIn" Val="implementation"/>
        <Attr Name="UsedIn" Val="simulation"/>
      </FileInfo>
    </File>
    <File Path="$PSRCDIR/sources_1/new/ghost_crazy.v">
      <FileInfo>
        <Attr Name="ImportPath" Val="$PPRDIR/../../../../../../../../Desktop/mahesh/University/yoshi_main.srcs/sources_1/new/ghost_crazy.v"/>
        <Attr Name="ImportTime" Val="1712215559"/>
        <Attr Name="UsedIn" Val="synthesis"/>
        <Attr Name="UsedIn" Val="implementation"/>
        <Attr Name="UsedIn" Val="simulation"/>
      </FileInfo>
    </File>
    <File Path="$PSRCDIR/sources_1/new/ghost_crazy_rom.v">
      <FileInfo>
        <Attr Name="ImportPath" Val="$PPRDIR/../../../../../../../../Desktop/mahesh/University/yoshi_main.srcs/sources_1/new/ghost_crazy_rom.v"/>
        <Attr Name="ImportTime" Val="1712215559"/>
        <Attr Name="UsedIn" Val="synthesis"/>
        <Attr Name="UsedIn" Val="implementation"/>
        <Attr Name="UsedIn" Val="simulation"/>
      </FileInfo>
    </File>
    <File Path="$PSRCDIR/sources_1/new/ghost_normal_rom.v">
      <FileInfo>
        <Attr Name="ImportPath" Val="$PPRDIR/../../../../../../../../Desktop/mahesh/University/yoshi_main.srcs/sources_1/new/ghost_normal_rom.v"/>
        <Attr Name="ImportTime" Val="1712215559"/>
        <Attr Name="UsedIn" Val="synthesis"/>
        <Attr Name="UsedIn" Val="implementation"/>
        <Attr Name="UsedIn" Val="simulation"/>
      </FileInfo>
    </File>
    <File Path="$PSRCDIR/sources_1/new/ghost_top.v">
      <FileInfo>
        <Attr Name="ImportPath" Val="$PPRDIR/../../../../../../../../Desktop/mahesh/University/yoshi_main.srcs/sources_1/new/ghost_top.v"/>
        <Attr Name="ImportTime" Val="1712215559"/>
        <Attr Name="UsedIn" Val="synthesis"/>
        <Attr Name="UsedIn" Val="implementation"/>
        <Attr Name="UsedIn" Val="simulation"/>
      </FileInfo>
    </File>
    <File Path="$PSRCDIR/sources_1/new/grounded.v">
      <FileInfo>
        <Attr Name="ImportPath" Val="$PPRDIR/../../../../../../../../Desktop/mahesh/University/yoshi_main.srcs/sources_1/new/grounded.v"/>
        <Attr Name="ImportTime" Val="1712215559"/>
        <Attr Name="UsedIn" Val="synthesis"/>
        <Attr Name="UsedIn" Val="implementation"/>
        <Attr Name="UsedIn" Val="simulation"/>
      </FileInfo>
    </File>
    <File Path="$PSRCDIR/sources_1/new/hearts_display.v">
      <FileInfo>
        <Attr Name="ImportPath" Val="$PPRDIR/../../../../../../../../Desktop/mahesh/University/yoshi_main.srcs/sources_1/new/hearts_display.v"/>
        <Attr Name="ImportTime" Val="1712215559"/>
        <Attr Name="UsedIn" Val="synthesis"/>
        <Attr Name="UsedIn" Val="implementation"/>
        <Attr Name="UsedIn" Val="simulation"/>
      </FileInfo>
    </File>
    <File Path="$PSRCDIR/sources_1/new/hearts_rom.v">
      <FileInfo>
        <Attr Name="ImportPath" Val="$PPRDIR/../../../../../../../../Desktop/mahesh/University/yoshi_main.srcs/sources_1/new/hearts_rom.v"/>
        <Attr Name="ImportTime" Val="1712215559"/>
        <Attr Name="UsedIn" Val="synthesis"/>
        <Attr Name="UsedIn" Val="implementation"/>
        <Attr Name="UsedIn" Val="simulation"/>
      </FileInfo>
    </File>
    <File Path="$PSRCDIR/sources_1/new/mini_game.v">
      <FileInfo>
        <Attr Name="ImportPath" Val="$PPRDIR/../../../../../../../../Desktop/mahesh/University/SEM_4/CG2026/FPGA_EMODS/Big_screen_version/yoshi_main.srcs/sources_1/new/mini_game.v"/>
        <Attr Name="ImportTime" Val="1712360326"/>
        <Attr Name="UsedIn" Val="synthesis"/>
        <Attr Name="UsedIn" Val="implementation"/>
        <Attr Name="UsedIn" Val="simulation"/>
      </FileInfo>
    </File>
    <File Path="$PSRCDIR/sources_1/new/numbers_rom.v">
      <FileInfo>
        <Attr Name="ImportPath" Val="$PPRDIR/../../../../../../../../Desktop/mahesh/University/yoshi_main.srcs/sources_1/new/numbers_rom.v"/>
        <Attr Name="ImportTime" Val="1712215559"/>
        <Attr Name="UsedIn" Val="synthesis"/>
        <Attr Name="UsedIn" Val="implementation"/>
        <Attr Name="UsedIn" Val="simulation"/>
      </FileInfo>
    </File>
    <File Path="$PSRCDIR/sources_1/new/platforms.v">
      <FileInfo>
        <Attr Name="ImportPath" Val="$PPRDIR/../../../../../../../../Desktop/mahesh/University/yoshi_main.srcs/sources_1/new/platforms.v"/>
        <Attr Name="ImportTime" Val="1712215559"/>
        <Attr Name="UsedIn" Val="synthesis"/>
        <Attr Name="UsedIn" Val="implementation"/>
        <Attr Name="UsedIn" Val="simulation"/>
      </FileInfo>
    </File>
    <File Path="$PSRCDIR/sources_1/new/score_display.v">
      <FileInfo>
        <Attr Name="ImportPath" Val="$PPRDIR/../../../../../../../../Desktop/mahesh/University/yoshi_main.srcs/sources_1/new/score_display.v"/>
        <Attr Name="ImportTime" Val="1712215559"/>
        <Attr Name="UsedIn" Val="synthesis"/>
        <Attr Name="UsedIn" Val="implementation"/>
        <Attr Name="UsedIn" Val="simulation"/>
      </FileInfo>
    </File>
    <File Path="$PSRCDIR/sources_1/new/seg_display.v">
      <FileInfo>
        <Attr Name="ImportPath" Val="$PPRDIR/../../../../../../../../Desktop/mahesh/University/SEM_4/CG2026/FPGA_EMODS/Big_screen_version/yoshi_main.srcs/sources_1/new/seg_display.v"/>
        <Attr Name="ImportTime" Val="1712361362"/>
        <Attr Name="UsedIn" Val="synthesis"/>
        <Attr Name="UsedIn" Val="implementation"/>
        <Attr Name="UsedIn" Val="simulation"/>
      </FileInfo>
    </File>
    <File Path="$PSRCDIR/sources_1/new/vga_sync.v">
      <FileInfo>
        <Attr Name="ImportPath" Val="$PPRDIR/../../../../../../../../Desktop/mahesh/University/yoshi_main.srcs/sources_1/new/vga_sync.v"/>
        <Attr Name="ImportTime" Val="1712215559"/>
        <Attr Name="UsedIn" Val="synthesis"/>
        <Attr Name="UsedIn" Val="implementation"/>
        <Attr Name="UsedIn" Val="simulation"/>
      </FileInfo>
    </File>
    <File Path="$PSRCDIR/sources_1/new/walls_rom.v">
      <FileInfo>
        <Attr Name="ImportPath" Val="$PPRDIR/../../../../../../../../Desktop/mahesh/University/yoshi_main.srcs/sources_1/new/walls_rom.v"/>
        <Attr Name="ImportTime" Val="1712215559"/>
        <Attr Name="UsedIn" Val="synthesis"/>
        <Attr Name="UsedIn" Val="implementation"/>
        <Attr Name="UsedIn" Val="simulation"/>
      </FileInfo>
    </File>
    <File Path="$PSRCDIR/sources_1/new/yoshi_ghost_rom.v">
      <FileInfo>
        <Attr Name="ImportPath" Val="$PPRDIR/../../../../../../../../Desktop/mahesh/University/yoshi_main.srcs/sources_1/new/yoshi_ghost_rom.v"/>
        <Attr Name="ImportTime" Val="1712215559"/>
        <Attr Name="UsedIn" Val="synthesis"/>
        <Attr Name="UsedIn" Val="implementation"/>
        <Attr Name="UsedIn" Val="simulation"/>
      </FileInfo>
    </File>
    <File Path="$PSRCDIR/sources_1/new/yoshi_rom.v">
      <FileInfo>
        <Attr Name="ImportPath" Val="$PPRDIR/../../../../../../../../Desktop/mahesh/University/yoshi_main.srcs/sources_1/new/yoshi_rom.v"/>
        <Attr Name="ImportTime" Val="1712215559"/>
        <Attr Name="UsedIn" Val="synthesis"/>
        <Attr Name="UsedIn" Val="implementation"/>
        <Attr Name="UsedIn" Val="simulation"/>
      </FileInfo>
    </File>
    <File Path="$PSRCDIR/sources_1/new/yoshi_sprite.v">
      <FileInfo>
        <Attr Name="ImportPath" Val="$PPRDIR/../../../../../../../../Desktop/mahesh/University/yoshi_main.srcs/sources_1/new/yoshi_sprite.v"/>
        <Attr Name="ImportTime" Val="1712215559"/>
        <Attr Name="UsedIn" Val="synthesis"/>
        <Attr Name="UsedIn" Val="implementation"/>
        <Attr Name="UsedIn" Val="simulation"/>
      </FileInfo>
    </File>
    <File Path="$PSRCDIR/sources_1/new/display_top.v">
      <FileInfo>
        <Attr Name="ImportPath" Val="$PPRDIR/../../../../../../../../Desktop/mahesh/University/yoshi_main.srcs/sources_1/new/display_top.v"/>
        <Attr Name="ImportTime" Val="1712216544"/>
        <Attr Name="UsedIn" Val="synthesis"/>
        <Attr Name="UsedIn" Val="implementation"/>
        <Attr Name="UsedIn" Val="simulation"/>
      </FileInfo>
    </File>
    <File Path="$PSRCDIR/sources_1/new/nes_controller.v">
      <FileInfo>
        <Attr Name="AutoDisabled" Val="1"/>
        <Attr Name="ImportPath" Val="$PPRDIR/../../../../../../../../Desktop/mahesh/University/yoshi_main.srcs/sources_1/new/nes_controller.v"/>
        <Attr Name="ImportTime" Val="1712215559"/>
        <Attr Name="UsedIn" Val="synthesis"/>
        <Attr Name="UsedIn" Val="implementation"/>
        <Attr Name="UsedIn" Val="simulation"/>
      </FileInfo>
    </File>
    <File Path="$PSRCDIR/sources_1/imports/Big_screen_version/archive_project_summary.txt">
      <FileInfo>
        <Attr Name="ImportPath" Val="$PPRDIR/../../../../../../../../Desktop/mahesh/University/SEM_4/CG2026/FPGA_EMODS/Big_screen_version/archive_project_summary.txt"/>
        <Attr Name="ImportTime" Val="1712234456"/>
      </FileInfo>
    </File>
    <Config>
      <Option Name="DesignMode" Val="RTL"/>
      <Option Name="TopModule" Val="display_top"/>
      <Option Name="TopAutoSet" Val="TRUE"/>
    </Config>
  </FileSet>
  <FileSet Name="constrs_in" Type="Constrs" RelSrcDir="$PSRCDIR/constrs_1">
    <Filter Type="Constrs"/>
    <File Path="$PSRCDIR/constrs_1/imports/new/basys3.xdc">
      <FileInfo>
        <Attr Name="ImportPath" Val="$PPRDIR/../../../../../../../../Desktop/mahesh/University/yoshi_main.srcs/sources_1/new/basys3.xdc"/>
        <Attr Name="ImportTime" Val="1712216553"/>
        <Attr Name="UsedIn" Val="synthesis"/>
        <Attr Name="UsedIn" Val="implementation"/>
      </FileInfo>
    </File>
    <Config>
      <Option Name="ConstrsType" Val="XDC"/>
    </Config>
  </FileSet>
  <Strategy Version="1" Minor="2">
    <StratHandle Name="Vivado Implementation Defaults" Flow="Vivado Implementation 2018"/>
    <Step Id="init_design"/>
    <Step Id="opt_design"/>
    <Step Id="power_opt_design"/>
    <Step Id="place_design"/>
    <Step Id="post_place_power_opt_design"/>
    <Step Id="phys_opt_design"/>
    <Step Id="route_design"/>
    <Step Id="post_route_phys_opt_design"/>
    <Step Id="write_bitstream"/>
  </Strategy>
</GenRun>
